-56.1348886911274 ; -34.857579769240076 ;  ;  ; iconPunto
-56.14804778394455 ; -34.85176621029105 ;  ;  ; iconPunto
-56.17549374545668 ; -34.8901671966184 ;  ;  ; iconPunto
-56.173122537338244 ; -34.9072554755684 ;  ;  ; iconPunto
-56.17364431944432 ; -34.87904101858554 ;  ;  ; iconPunto
-56.17217043069366 ; -34.89614395656345 ;  ;  ; iconPunto
-56.22346126218316 ; -34.83967006973182 ;  ;  ; iconPunto
-56.16615849372548 ; -34.88593080017355 ;  ;  ; iconPunto
-56.206620838262545 ; -34.87518243580277 ;  ;  ; iconPunto
-56.170497819389034 ; -34.81463726565628 ;  ;  ; iconPunto
-56.191703528794584 ; -34.9017440883191 ;  ;  ; iconPunto
-56.193202824400295 ; -34.88252597052132 ;  ;  ; iconPunto
-56.1290360841898 ; -34.85884921911922 ;  ;  ; iconPunto
-56.100143254561026 ; -34.88427493762498 ;  ;  ; iconPunto
-56.15839516092223 ; -34.91672575573644 ;  ;  ; iconPunto
-56.15840166030756 ; -34.88859688433333 ;  ;  ; iconPunto
-56.11766220741786 ; -34.8636633154387 ;  ;  ; iconPunto
-56.13157686797458 ; -34.8856978860431 ;  ;  ; iconPunto
-56.17126271340031 ; -34.91180805586483 ;  ;  ; iconPunto
-56.255290884049415 ; -34.837965753562266 ;  ;  ; iconPunto
-56.195163071642654 ; -34.82092683603753 ;  ;  ; iconPunto
-56.20320813304187 ; -34.90844467459291 ;  ;  ; iconPunto
-56.220909886619424 ; -34.86306382838196 ;  ;  ; iconPunto
-56.208798819603786 ; -34.844046982311575 ;  ;  ; iconPunto
-56.193352406497944 ; -34.88833482622296 ;  ;  ; iconPunto
-56.20044984140717 ; -34.81615497709121 ;  ;  ; iconPunto
-56.195871223777495 ; -34.91101179435188 ;  ;  ; iconPunto
-56.19122141219151 ; -34.912322634215656 ;  ;  ; iconPunto
-56.150115343145586 ; -34.90297540976583 ;  ;  ; iconPunto
-56.19371194830167 ; -34.88276426804716 ;  ;  ; iconPunto
-56.14228867794751 ; -34.87329837297646 ;  ;  ; iconPunto
-56.17837751792256 ; -34.89706590065991 ;  ;  ; iconPunto
-56.13685649280606 ; -34.88640562658158 ;  ;  ; iconPunto
-56.17903117287853 ; -34.89267161062642 ;  ;  ; iconPunto
-56.19867942360894 ; -34.903671037193924 ;  ;  ; iconPunto
-56.22260668445643 ; -34.80536856961871 ;  ;  ; iconPunto
-56.15620854799947 ; -34.91866229311631 ;  ;  ; iconPunto
-56.149598599169025 ; -34.91405283606052 ;  ;  ; iconPunto
-56.22693707845839 ; -34.85005000794061 ;  ;  ; iconPunto
-56.20257583569889 ; -34.90575509129926 ;  ;  ; iconPunto
-56.174643966724666 ; -34.88069619958519 ;  ;  ; iconPunto
-56.13431865238088 ; -34.87043221242581 ;  ;  ; iconPunto
-56.163175607255035 ; -34.87030421301855 ;  ;  ; iconPunto
-56.16482496196476 ; -34.91840225921793 ;  ;  ; iconPunto
-56.19145043302304 ; -34.89528432775098 ;  ;  ; iconPunto
-56.22248213981592 ; -34.80958603113932 ;  ;  ; iconPunto
-56.179275726581544 ; -34.88847141661564 ;  ;  ; iconPunto
-56.2008272364624 ; -34.83162868420287 ;  ;  ; iconPunto
-56.174201626854234 ; -34.89728599129026 ;  ;  ; iconPunto
-56.11325487549066 ; -34.8950600911021 ;  ;  ; iconPunto
-56.080376009599874 ; -34.89444363311334 ;  ;  ; iconPunto
-56.127413193685854 ; -34.84515841523918 ;  ;  ; iconPunto
-56.2346347842794 ; -34.86123779729562 ;  ;  ; iconPunto
-56.24240628811932 ; -34.867154121263226 ;  ;  ; iconPunto
-56.190761273308 ; -34.87226623606219 ;  ;  ; iconPunto
-56.147822612101415 ; -34.85400357652656 ;  ;  ; iconPunto
-56.212252409708206 ; -34.81738572632679 ;  ;  ; iconPunto
-56.155976083792716 ; -34.869395320313096 ;  ;  ; iconPunto
-56.125842473701 ; -34.86256377008506 ;  ;  ; iconPunto
-56.122702207248444 ; -34.84422785189101 ;  ;  ; iconPunto
-56.1239813234857 ; -34.88515601450328 ;  ;  ; iconPunto
-56.201923443012305 ; -34.87771989750799 ;  ;  ; iconPunto
-56.19874303031413 ; -34.8808767640784 ;  ;  ; iconPunto
-56.18421432689514 ; -34.89561961284532 ;  ;  ; iconPunto
-56.19814595071851 ; -34.88145382059097 ;  ;  ; iconPunto
-56.187418647087696 ; -34.899428357737754 ;  ;  ; iconPunto
-56.17983635136927 ; -34.90260226887962 ;  ;  ; iconPunto
-56.189678299629065 ; -34.872523724513215 ;  ;  ; iconPunto
-56.14572056101763 ; -34.88326439256426 ;  ;  ; iconPunto
-56.14313246390844 ; -34.90249401414837 ;  ;  ; iconPunto
-56.19182996548691 ; -34.89176073247864 ;  ;  ; iconPunto
-56.1594397002549 ; -34.91208794142181 ;  ;  ; iconPunto
-56.186668987049856 ; -34.903734265215036 ;  ;  ; iconPunto
-56.14936520688021 ; -34.89702418936531 ;  ;  ; iconPunto
-56.1267018449646 ; -34.8766534794701 ;  ;  ; iconPunto
-56.061936182978584 ; -34.85549701394241 ;  ;  ; iconPunto
-56.221984213411 ; -34.801897564593546 ;  ;  ; iconPunto
-56.235063360498174 ; -34.84651791211686 ;  ;  ; iconPunto
-56.139786234136515 ; -34.90229954627847 ;  ;  ; iconPunto
-56.21028489055691 ; -34.843605305179686 ;  ;  ; iconPunto
-56.17120239273606 ; -34.895719840152594 ;  ;  ; iconPunto
-56.179199069780005 ; -34.873588835185046 ;  ;  ; iconPunto
-56.18879069010016 ; -34.89005763023549 ;  ;  ; iconPunto
-56.31974356726992 ; -34.81317510672748 ;  ;  ; iconPunto
-56.17875388591425 ; -34.90511455157349 ;  ;  ; iconPunto
-56.247498230910715 ; -34.82823186019679 ;  ;  ; iconPunto
-56.175467553365884 ; -34.891692300558375 ;  ;  ; iconPunto
-56.15877044357736 ; -34.84605921890366 ;  ;  ; iconPunto
-56.14362696401975 ; -34.90501248835167 ;  ;  ; iconPunto
-56.18646027064018 ; -34.90542740173721 ;  ;  ; iconPunto
-56.1797322101131 ; -34.86416265048745 ;  ;  ; iconPunto
-56.1794455621126 ; -34.88252998943475 ;  ;  ; iconPunto
-56.178816866825926 ; -34.89123196962949 ;  ;  ; iconPunto
-56.1362670589714 ; -34.872329692312285 ;  ;  ; iconPunto
-56.14725084732507 ; -34.84073868002385 ;  ;  ; iconPunto
-56.11306480917493 ; -34.851795025903584 ;  ;  ; iconPunto
-56.19194078623371 ; -34.90318466110359 ;  ;  ; iconPunto
-56.20976880030531 ; -34.906886640561744 ;  ;  ; iconPunto
-56.17919567150545 ; -34.893635568780226 ;  ;  ; iconPunto
-56.180815905878625 ; -34.88413989362507 ;  ;  ; iconPunto
-56.18992529743419 ; -34.90284966631379 ;  ;  ; iconPunto
-56.16192906543027 ; -34.89170783717468 ;  ;  ; iconPunto
-56.147129886928155 ; -34.876739835238 ;  ;  ; iconPunto
-56.19510187329086 ; -34.87556856868468 ;  ;  ; iconPunto
-56.13437558439235 ; -34.87961151162416 ;  ;  ; iconPunto
-56.20911200186645 ; -34.90804038412097 ;  ;  ; iconPunto
-56.168807594680075 ; -34.88839456900687 ;  ;  ; iconPunto
-56.204904101949545 ; -34.874914025869664 ;  ;  ; iconPunto
-56.195076381635864 ; -34.81861249742004 ;  ;  ; iconPunto
-56.221578684113 ; -34.829302825494764 ;  ;  ; iconPunto
-56.16083264967987 ; -34.89548854890003 ;  ;  ; iconPunto
-56.228048833010604 ; -34.848371209202526 ;  ;  ; iconPunto
-56.17977782065198 ; -34.87702127454494 ;  ;  ; iconPunto
-56.23357868261482 ; -34.783742890511306 ;  ;  ; iconPunto
-56.19951187028458 ; -34.87788281601156 ;  ;  ; iconPunto
-56.14138000614429 ; -34.86078501817566 ;  ;  ; iconPunto
-56.056403963004264 ; -34.88080103483611 ;  ;  ; iconPunto
-56.18775784820213 ; -34.88648446443593 ;  ;  ; iconPunto
-56.188623768780914 ; -34.901980562819 ;  ;  ; iconPunto
-56.19848663990976 ; -34.87275148096633 ;  ;  ; iconPunto
-56.224560563371185 ; -34.79346856469425 ;  ;  ; iconPunto
-56.148775175044214 ; -34.85123233140033 ;  ;  ; iconPunto
-56.17612894629677 ; -34.90916768340704 ;  ;  ; iconPunto
-56.19533970867103 ; -34.83427779397131 ;  ;  ; iconPunto
-56.11713886128706 ; -34.86420714330522 ;  ;  ; iconPunto
-56.18164254915627 ; -34.85955563446509 ;  ;  ; iconPunto
-56.19267551884979 ; -34.86558819219165 ;  ;  ; iconPunto
-56.13747708269976 ; -34.87993412606214 ;  ;  ; iconPunto
-56.11643626570344 ; -34.86824961842518 ;  ;  ; iconPunto
-56.22895896695825 ; -34.83014138639921 ;  ;  ; iconPunto
-56.16482496196476 ; -34.91840225921793 ;  ;  ; iconPunto
-56.18133927710489 ; -34.895973781639896 ;  ;  ; iconPunto
-56.172141923480126 ; -34.901824133709475 ;  ;  ; iconPunto
-56.178332855477365 ; -34.88147659187462 ;  ;  ; iconPunto
-56.19573074057654 ; -34.88239154138861 ;  ;  ; iconPunto
-56.168106621672464 ; -34.90205172441636 ;  ;  ; iconPunto
-56.225497997669294 ; -34.849676241117734 ;  ;  ; iconPunto
-56.289432002487196 ; -34.857145839831155 ;  ;  ; iconPunto
-56.20875131669909 ; -34.81186352414972 ;  ;  ; iconPunto
-56.156310871214046 ; -34.87005023511834 ;  ;  ; iconPunto
-56.152534668011555 ; -34.870389084581326 ;  ;  ; iconPunto
-56.243347959783755 ; -34.84997523717164 ;  ;  ; iconPunto
-56.176591663115765 ; -34.90689731803863 ;  ;  ; iconPunto
-56.15860975366718 ; -34.90151679308842 ;  ;  ; iconPunto
-56.17679875804108 ; -34.90669244264836 ;  ;  ; iconPunto
-56.14316112237338 ; -34.87832106166987 ;  ;  ; iconPunto
-56.1717963759762 ; -34.89338029254636 ;  ;  ; iconPunto
-56.18091063031781 ; -34.85245850935237 ;  ;  ; iconPunto
-56.2447208156894 ; -34.79936638227524 ;  ;  ; iconPunto
-56.140528699970744 ; -34.85393476414476 ;  ;  ; iconPunto
-56.13935520411048 ; -34.84720729657747 ;  ;  ; iconPunto
-56.19827623036214 ; -34.904075741946805 ;  ;  ; iconPunto
-56.20633653525168 ; -34.9093375002683 ;  ;  ; iconPunto
-56.196486824421164 ; -34.867515118268265 ;  ;  ; iconPunto
-56.18646317423602 ; -34.885474334769384 ;  ;  ; iconPunto
-56.16083264967987 ; -34.89548854890003 ;  ;  ; iconPunto
-56.25574758525813 ; -34.82428334299245 ;  ;  ; iconPunto
-56.153697568226214 ; -34.88141635164701 ;  ;  ; iconPunto
-56.11135652094474 ; -34.881330988696014 ;  ;  ; iconPunto
-56.18678354545561 ; -34.90730546357175 ;  ;  ; iconPunto
-56.15093408740413 ; -34.880953633980404 ;  ;  ; iconPunto
-56.18606594865299 ; -34.899647062378946 ;  ;  ; iconPunto
-56.174549770603754 ; -34.81025789550601 ;  ;  ; iconPunto
-56.18690406019457 ; -34.89990025197531 ;  ;  ; iconPunto
-56.13259532138621 ; -34.8589095464671 ;  ;  ; iconPunto
-56.182108456906526 ; -34.908553991166926 ;  ;  ; iconPunto
-56.2077249775743 ; -34.852502778815854 ;  ;  ; iconPunto
-56.129633353822314 ; -34.870525895977615 ;  ;  ; iconPunto
-56.183096063562665 ; -34.896408235576075 ;  ;  ; iconPunto
-56.21757950825901 ; -34.86915875255317 ;  ;  ; iconPunto
-56.229833926152295 ; -34.84946203593285 ;  ;  ; iconPunto
-56.212226988882705 ; -34.90716627817801 ;  ;  ; iconPunto
-56.15572070727564 ; -34.88259251551262 ;  ;  ; iconPunto
-56.19117081584905 ; -34.902002693551765 ;  ;  ; iconPunto
-56.20693053973033 ; -34.9043373661088 ;  ;  ; iconPunto
-56.17572942169993 ; -34.89460863183208 ;  ;  ; iconPunto
-56.15776188373954 ; -34.84891069350417 ;  ;  ; iconPunto
-56.17860308534448 ; -34.90730304879823 ;  ;  ; iconPunto
-56.2041754994281 ; -34.870286668993195 ;  ;  ; iconPunto
-56.2066048534101 ; -34.842647257814995 ;  ;  ; iconPunto
-56.15386497973252 ; -34.90422278584857 ;  ;  ; iconPunto
-56.081040660373354 ; -34.881839707701275 ;  ;  ; iconPunto
-56.19810616996565 ; -34.90440778101217 ;  ;  ; iconPunto
-56.1770509525519 ; -34.91169444338144 ;  ;  ; iconPunto
-56.19427980768614 ; -34.83490265981675 ;  ;  ; iconPunto
-56.18959330476693 ; -34.902193114043115 ;  ;  ; iconPunto
-56.208104138473566 ; -34.90945400438263 ;  ;  ; iconPunto
-56.22008381133907 ; -34.86390460266736 ;  ;  ; iconPunto
-56.228702513689655 ; -34.850216048169315 ;  ;  ; iconPunto
-56.20537008871763 ; -34.90423740368006 ;  ;  ; iconPunto
-56.20717854827184 ; -34.877237317785756 ;  ;  ; iconPunto
-56.22182303265777 ; -34.84790740052151 ;  ;  ; iconPunto
-56.18733414365323 ; -34.887221825397766 ;  ;  ; iconPunto
-56.185927497154466 ; -34.91332066230705 ;  ;  ; iconPunto
-56.17597547571099 ; -34.87528788572286 ;  ;  ; iconPunto
-56.19347583671834 ; -34.875792528626164 ;  ;  ; iconPunto
-56.17968330193245 ; -34.87507311554217 ;  ;  ; iconPunto
-56.18750972236762 ; -34.88129567724391 ;  ;  ; iconPunto
-56.150115343145586 ; -34.90297540976583 ;  ;  ; iconPunto
-56.160473255420655 ; -34.86335234661015 ;  ;  ; iconPunto
-56.169084612143166 ; -34.896626111886555 ;  ;  ; iconPunto
-56.161716918852264 ; -34.891052712203894 ;  ;  ; iconPunto
-56.19386219773582 ; -34.88762894446268 ;  ;  ; iconPunto
-56.133793813936926 ; -34.85889159939529 ;  ;  ; iconPunto
-56.159655552870404 ; -34.911607048698144 ;  ;  ; iconPunto
-56.18957821180078 ; -34.900532996312904 ;  ;  ; iconPunto
-56.16983747874827 ; -34.89399785501833 ;  ;  ; iconPunto
-56.194650191339164 ; -34.90226524994672 ;  ;  ; iconPunto
-56.11581014372696 ; -34.88504737672973 ;  ;  ; iconPunto
-56.086051330290054 ; -34.88363294861545 ;  ;  ; iconPunto
-56.19656856869697 ; -34.86196666239074 ;  ;  ; iconPunto
-56.159521546131565 ; -34.88966871768642 ;  ;  ; iconPunto
-56.124920617579875 ; -34.84349236321991 ;  ;  ; iconPunto
-56.17667668515861 ; -34.89012536042413 ;  ;  ; iconPunto
-56.186076003459355 ; -34.89751957570576 ;  ;  ; iconPunto
-56.206022877921136 ; -34.90741054187581 ;  ;  ; iconPunto
-56.1570235161323 ; -34.88745672908813 ;  ;  ; iconPunto
-56.20628593151688 ; -34.907929329370965 ;  ;  ; iconPunto
-56.187028000460415 ; -34.88430674065746 ;  ;  ; iconPunto
-56.201603590607604 ; -34.90545042387876 ;  ;  ; iconPunto
-56.14230462291042 ; -34.83275832468787 ;  ;  ; iconPunto
-56.180734136893854 ; -34.88205191102689 ;  ;  ; iconPunto
-56.1905808657786 ; -34.88510930642184 ;  ;  ; iconPunto
-56.16336118208847 ; -34.90746952658307 ;  ;  ; iconPunto
-56.19200180186304 ; -34.906216646411025 ;  ;  ; iconPunto
-56.18934058561235 ; -34.881900700578804 ;  ;  ; iconPunto
-56.18607924187022 ; -34.813835760991935 ;  ;  ; iconPunto
-56.1731272817552 ; -34.9006578059353 ;  ;  ; iconPunto
-56.17334228589474 ; -34.9073551327694 ;  ;  ; iconPunto
-56.19498513738622 ; -34.82103209082655 ;  ;  ; iconPunto
-56.117928303112606 ; -34.88707851040531 ;  ;  ; iconPunto
-56.15180359406586 ; -34.88043739794364 ;  ;  ; iconPunto
-56.178273344203184 ; -34.8954353512076 ;  ;  ; iconPunto
-56.12724658642998 ; -34.85797011218204 ;  ;  ; iconPunto
-56.21404989583595 ; -34.79830862847489 ;  ;  ; iconPunto
-56.081040660373354 ; -34.881839707701275 ;  ;  ; iconPunto
-56.17911191538986 ; -34.86147219402643 ;  ;  ; iconPunto
-56.18374391813016 ; -34.88273274291724 ;  ;  ; iconPunto
-56.19386507301482 ; -34.88283344562118 ;  ;  ; iconPunto
-56.19152977652181 ; -34.90346802700164 ;  ;  ; iconPunto
-56.19139337764887 ; -34.869834512993776 ;  ;  ; iconPunto
-56.202177265383604 ; -34.84216476874076 ;  ;  ; iconPunto
-56.17517771100207 ; -34.906525278473076 ;  ;  ; iconPunto
-56.13289801179326 ; -34.85210371104237 ;  ;  ; iconPunto
-56.16161216222383 ; -34.84024804736098 ;  ;  ; iconPunto
-56.16569447981835 ; -34.892750129282575 ;  ;  ; iconPunto
-56.17840557795425 ; -34.86439413829611 ;  ;  ; iconPunto
-56.1800219964203 ; -34.88022685892893 ;  ;  ; iconPunto
-56.17863719770831 ; -34.88813476152695 ;  ;  ; iconPunto
-56.13292594411094 ; -34.85091245425802 ;  ;  ; iconPunto
-56.20944866943521 ; -34.87341992054221 ;  ;  ; iconPunto
-56.18437332865546 ; -34.89824787276533 ;  ;  ; iconPunto
-56.191680240304265 ; -34.884112213494724 ;  ;  ; iconPunto
-56.194844268890535 ; -34.88769844079976 ;  ;  ; iconPunto
-56.10969621180778 ; -34.827596712227866 ;  ;  ; iconPunto
-56.109122779073246 ; -34.82941462349933 ;  ;  ; iconPunto
-56.08349430445757 ; -34.87027907679455 ;  ;  ; iconPunto
-56.20820957331737 ; -34.827098715042794 ;  ;  ; iconPunto
-56.197014686391846 ; -34.910927182866274 ;  ;  ; iconPunto
-56.13844877432666 ; -34.860330276700196 ;  ;  ; iconPunto
-56.132226163046454 ; -34.88202764176349 ;  ;  ; iconPunto
-56.20762458730081 ; -34.90940210329865 ;  ;  ; iconPunto
-56.15111885544165 ; -34.873593633147244 ;  ;  ; iconPunto
-56.081040660373354 ; -34.881839707701275 ;  ;  ; iconPunto
-56.17751330120969 ; -34.87534307278663 ;  ;  ; iconPunto
-56.24240628811932 ; -34.867154121263226 ;  ;  ; iconPunto
-56.17218308250181 ; -34.90727787018966 ;  ;  ; iconPunto
-56.20897088362516 ; -34.838324917008066 ;  ;  ; iconPunto
-56.197202947106405 ; -34.90517379443632 ;  ;  ; iconPunto
-56.198440309487644 ; -34.90932265929744 ;  ;  ; iconPunto
-56.219624840138174 ; -34.85790094942559 ;  ;  ; iconPunto
-56.16766543454654 ; -34.86019367840134 ;  ;  ; iconPunto
-56.16482496196476 ; -34.91840225921793 ;  ;  ; iconPunto
-56.15251850270253 ; -34.89033805245117 ;  ;  ; iconPunto
-56.17488412081409 ; -34.89739468697809 ;  ;  ; iconPunto
-56.19028594198085 ; -34.8703061591232 ;  ;  ; iconPunto
-56.137331926710125 ; -34.88307935350493 ;  ;  ; iconPunto
-56.150115343145586 ; -34.90297540976583 ;  ;  ; iconPunto
-56.16217433495947 ; -34.902628563127344 ;  ;  ; iconPunto
-56.17898383918852 ; -34.90109012300143 ;  ;  ; iconPunto
-56.179345268422196 ; -34.90165912852495 ;  ;  ; iconPunto
-56.19071146287562 ; -34.8742608232905 ;  ;  ; iconPunto
-56.14567698697837 ; -34.784572468261096 ;  ;  ; iconPunto
-56.17033352172407 ; -34.891491330391766 ;  ;  ; iconPunto
-56.334852088720226 ; -34.86575441384751 ;  ;  ; iconPunto
-56.05802944994544 ; -34.85085723897393 ;  ;  ; iconPunto
-56.165754012095285 ; -34.76581214727501 ;  ;  ; iconPunto
-56.21940416421241 ; -34.79613088337997 ;  ;  ; iconPunto
-56.2235262045678 ; -34.83752141458381 ;  ;  ; iconPunto
-56.172907105613334 ; -34.86814757620252 ;  ;  ; iconPunto
-56.24240628811932 ; -34.867154121263226 ;  ;  ; iconPunto
-56.19121143015725 ; -34.87482932035888 ;  ;  ; iconPunto
-56.16665362217514 ; -34.860343061750775 ;  ;  ; iconPunto
-56.179282616892756 ; -34.863676233423554 ;  ;  ; iconPunto
-56.181368432723374 ; -34.89134052136912 ;  ;  ; iconPunto
-56.23814983319871 ; -34.838857001644904 ;  ;  ; iconPunto
-56.21874047238879 ; -34.81362809834804 ;  ;  ; iconPunto
-56.17600606505428 ; -34.88239949372277 ;  ;  ; iconPunto
-56.17898864988092 ; -34.89137963410892 ;  ;  ; iconPunto
-56.12005335731155 ; -34.846809083066184 ;  ;  ; iconPunto
-56.228491124437525 ; -34.85979157917941 ;  ;  ; iconPunto
-56.13383011597991 ; -34.88389653975541 ;  ;  ; iconPunto
-56.15540935195854 ; -34.8808772230211 ;  ;  ; iconPunto
-56.199843901497246 ; -34.90157276170484 ;  ;  ; iconPunto
-56.151327732303244 ; -34.84591016400895 ;  ;  ; iconPunto
-56.21189025835613 ; -34.842553726244134 ;  ;  ; iconPunto
-56.211103822495154 ; -34.84200369753173 ;  ;  ; iconPunto
-56.150115343145586 ; -34.90297540976583 ;  ;  ; iconPunto
-56.108137978067816 ; -34.82847508702372 ;  ;  ; iconPunto
-56.187837962840405 ; -34.908015664792096 ;  ;  ; iconPunto
-56.124920617579875 ; -34.84349236321991 ;  ;  ; iconPunto
-56.213505086551876 ; -34.84056771568923 ;  ;  ; iconPunto
-56.06240594166031 ; -34.86763455024907 ;  ;  ; iconPunto
-56.161900920154146 ; -34.87393089736888 ;  ;  ; iconPunto
-56.22398801022605 ; -34.84489896267281 ;  ;  ; iconPunto
-56.146129522219276 ; -34.873714818642036 ;  ;  ; iconPunto
-56.195746634563505 ; -34.90655521282942 ;  ;  ; iconPunto
-56.198910530053055 ; -34.84878849264084 ;  ;  ; iconPunto
-56.20872038854627 ; -34.908930824377805 ;  ;  ; iconPunto
-56.157326623294814 ; -34.8490250741143 ;  ;  ; iconPunto
-56.13621996622729 ; -34.801922058861514 ;  ;  ; iconPunto
-56.14763713742004 ; -34.880582470983235 ;  ;  ; iconPunto
-56.196180735419546 ; -34.90808404221822 ;  ;  ; iconPunto
-56.185755111210796 ; -34.87340407146615 ;  ;  ; iconPunto
-56.192261043348715 ; -34.89871397776094 ;  ;  ; iconPunto
-56.18196905760992 ; -34.909749137682866 ;  ;  ; iconPunto
-56.18950797701484 ; -34.88420983120591 ;  ;  ; iconPunto
-56.23018018645438 ; -34.850214159111154 ;  ;  ; iconPunto
-56.16503577936485 ; -34.888676633854956 ;  ;  ; iconPunto
-56.16825439596065 ; -34.84003817424632 ;  ;  ; iconPunto
-56.18408912558956 ; -34.906409072511494 ;  ;  ; iconPunto
-56.10494105387157 ; -34.87569048750724 ;  ;  ; iconPunto
-56.18340044581186 ; -34.91083090989394 ;  ;  ; iconPunto
-56.219027232408436 ; -34.863932455181164 ;  ;  ; iconPunto
-56.18949772821212 ; -34.87450754716034 ;  ;  ; iconPunto
-56.150115343145586 ; -34.90297540976583 ;  ;  ; iconPunto
-56.08693667878788 ; -34.87088049283408 ;  ;  ; iconPunto
-56.1438807699584 ; -34.90397495979139 ;  ;  ; iconPunto
-56.21333964142592 ; -34.84648730175315 ;  ;  ; iconPunto
-56.21245138259521 ; -34.90724185496276 ;  ;  ; iconPunto
-56.100247771149824 ; -34.82628494908276 ;  ;  ; iconPunto
-56.137964029314546 ; -34.88377764479744 ;  ;  ; iconPunto
-56.19366927281153 ; -34.89375621359348 ;  ;  ; iconPunto
-56.16955247392934 ; -34.90707959072111 ;  ;  ; iconPunto
-56.1532392074703 ; -34.844939186651374 ;  ;  ; iconPunto
-56.144396339348894 ; -34.90272948813696 ;  ;  ; iconPunto
-56.15053057116916 ; -34.90801904837214 ;  ;  ; iconPunto
-56.093783539165315 ; -34.870470964253826 ;  ;  ; iconPunto
-56.22948805091803 ; -34.8476284414998 ;  ;  ; iconPunto
-56.150115343145586 ; -34.90297540976583 ;  ;  ; iconPunto
-56.1720917873035 ; -34.90191097998108 ;  ;  ; iconPunto
-56.215264939594235 ; -34.870168382730796 ;  ;  ; iconPunto
-56.17514316299654 ; -34.896377277874606 ;  ;  ; iconPunto
-56.19444938644753 ; -34.88622517460929 ;  ;  ; iconPunto
-56.184029182722696 ; -34.86743353094278 ;  ;  ; iconPunto
-56.20184973586754 ; -34.843436944905065 ;  ;  ; iconPunto
-56.16739506071455 ; -34.87433050346367 ;  ;  ; iconPunto
-56.16441409407348 ; -34.901915257799324 ;  ;  ; iconPunto
-56.20922827180573 ; -34.90699345919998 ;  ;  ; iconPunto
-56.15315409252416 ; -34.87831991052579 ;  ;  ; iconPunto
-56.061775326400664 ; -34.8674100336083 ;  ;  ; iconPunto
-56.186692771892375 ; -34.86654588905521 ;  ;  ; iconPunto
-56.20259479668427 ; -34.90479355003916 ;  ;  ; iconPunto
-56.154415519139555 ; -34.92221929108825 ;  ;  ; iconPunto
-56.11696276812004 ; -34.86226966681565 ;  ;  ; iconPunto
-56.18544362298122 ; -34.899841596688916 ;  ;  ; iconPunto
-56.160082190278345 ; -34.870146769670654 ;  ;  ; iconPunto
-56.20469728684408 ; -34.90783341181962 ;  ;  ; iconPunto
-56.22393898382319 ; -34.787801951445125 ;  ;  ; iconPunto
-56.132743549497725 ; -34.86446752469879 ;  ;  ; iconPunto
-56.140952423328045 ; -34.84934478429778 ;  ;  ; iconPunto
-56.20640051671427 ; -34.834120290217236 ;  ;  ; iconPunto
-56.190697936006245 ; -34.89000419599315 ;  ;  ; iconPunto
-56.18424298022405 ; -34.883013204300845 ;  ;  ; iconPunto
-56.227448243244034 ; -34.848679540362276 ;  ;  ; iconPunto
-56.202255945104696 ; -34.830145650789284 ;  ;  ; iconPunto
-56.10328525144365 ; -34.87133092423446 ;  ;  ; iconPunto
-56.243347959783755 ; -34.84997523717164 ;  ;  ; iconPunto
-56.129445628413 ; -34.85270721980931 ;  ;  ; iconPunto
-56.28208671072493 ; -34.73896585889872 ;  ;  ; iconPunto
-56.193352406497944 ; -34.88833482622296 ;  ;  ; iconPunto
-56.10343647769323 ; -34.87526244937236 ;  ;  ; iconPunto
-56.210671664731244 ; -34.79858840130245 ;  ;  ; iconPunto
-56.151127944762194 ; -34.8545206417022 ;  ;  ; iconPunto
-56.172054014284754 ; -34.86425033867699 ;  ;  ; iconPunto
-56.24868668560401 ; -34.780678455021906 ;  ;  ; iconPunto
-56.17262802931946 ; -34.759975535146744 ;  ;  ; iconPunto
-56.196480237351444 ; -34.80631002233292 ;  ;  ; iconPunto
-56.17274799034707 ; -34.819235170082564 ;  ;  ; iconPunto
-56.13743163814765 ; -34.774711175534044 ;  ;  ; iconPunto
-56.19458383728127 ; -34.81431414934399 ;  ;  ; iconPunto
-56.15952513395912 ; -34.85173348710302 ;  ;  ; iconPunto
-56.23574327893745 ; -34.84605976673793 ;  ;  ; iconPunto
-56.22882885288937 ; -34.846722271705474 ;  ;  ; iconPunto
-56.228048833010604 ; -34.848371209202526 ;  ;  ; iconPunto
-56.22993169927217 ; -34.825623153135815 ;  ;  ; iconPunto
-56.23906794959276 ; -34.854008198637004 ;  ;  ; iconPunto
-56.23614116164166 ; -34.846839286296884 ;  ;  ; iconPunto
-56.26690750667876 ; -34.84282928377804 ;  ;  ; iconPunto
-56.26742919250828 ; -34.84164438282102 ;  ;  ; iconPunto
-56.238544980754675 ; -34.85058634457159 ;  ;  ; iconPunto
-56.334852088720226 ; -34.86575441384751 ;  ;  ; iconPunto
-56.14682642894954 ; -34.83576768496609 ;  ;  ; iconPunto
-56.06366941983291 ; -34.86824717241483 ;  ;  ; iconPunto
-56.086426819674585 ; -34.85677639780354 ;  ;  ; iconPunto
-56.09386308323948 ; -34.868405454707904 ;  ;  ; iconPunto
-56.14312309252363 ; -34.86765463366107 ;  ;  ; iconPunto
-56.18555370741968 ; -34.86658767756213 ;  ;  ; iconPunto
-56.19078599699298 ; -34.87055705066166 ;  ;  ; iconPunto
-56.16549499741429 ; -34.809029535591016 ;  ;  ; iconPunto
-56.152521323888905 ; -34.875887957891734 ;  ;  ; iconPunto
-56.12540588625624 ; -34.844454340276975 ;  ;  ; iconPunto
-56.17431164245675 ; -34.90003311867233 ;  ;  ; iconPunto
-56.16473146757428 ; -34.88794407128057 ;  ;  ; iconPunto
-56.189526578415084 ; -34.90197848168497 ;  ;  ; iconPunto
-56.18113980074034 ; -34.88410945185422 ;  ;  ; iconPunto
-56.20982903369008 ; -34.80357740090147 ;  ;  ; iconPunto
-56.271755537415174 ; -34.849189198397276 ;  ;  ; iconPunto
-56.10155391649446 ; -34.879697426492406 ;  ;  ; iconPunto
-56.09724278631623 ; -34.822197396338154 ;  ;  ; iconPunto
-56.126617833128336 ; -34.82402137159586 ;  ;  ; iconPunto
-56.204621621074544 ; -34.87471736743592 ;  ;  ; iconPunto
-56.23154895934362 ; -34.86105077944365 ;  ;  ; iconPunto
-56.26071050800188 ; -34.83576971453335 ;  ;  ; iconPunto
-56.132313421280465 ; -34.810342827510205 ;  ;  ; iconPunto
-56.216321523187865 ; -34.85675805885127 ;  ;  ; iconPunto
-56.23639514290256 ; -34.84987155311954 ;  ;  ; iconPunto
-56.17117777230373 ; -34.85163695967462 ;  ;  ; iconPunto
-56.23639514290256 ; -34.84987155311954 ;  ;  ; iconPunto
-56.11810595696675 ; -34.86993083974337 ;  ;  ; iconPunto
-56.16923934594731 ; -34.8980772361308 ;  ;  ; iconPunto
-56.16344515067854 ; -34.87566152101461 ;  ;  ; iconPunto
-56.11875421759289 ; -34.88709637835959 ;  ;  ; iconPunto
-56.20982903369008 ; -34.80357740090147 ;  ;  ; iconPunto
-56.27324279073038 ; -34.79667333283355 ;  ;  ; iconPunto
-56.12668509116135 ; -34.84484799696037 ;  ;  ; iconPunto
-56.15966138759773 ; -34.87986733908492 ;  ;  ; iconPunto
-56.18032803404783 ; -34.865975742232266 ;  ;  ; iconPunto
-56.06366941983291 ; -34.86824717241483 ;  ;  ; iconPunto
-56.14094798434805 ; -34.88943753567652 ;  ;  ; iconPunto
-56.16560918008323 ; -34.759515147989774 ;  ;  ; iconPunto
-56.25187679593741 ; -34.81362080144482 ;  ;  ; iconPunto
-56.22415139844764 ; -34.788313478090004 ;  ;  ; iconPunto
-56.22016549633412 ; -34.85072947173189 ;  ;  ; iconPunto
-56.203189232242906 ; -34.86505419403001 ;  ;  ; iconPunto
-56.06366941983291 ; -34.86824717241483 ;  ;  ; iconPunto
-56.20107041412807 ; -34.8387668254358 ;  ;  ; iconPunto
-56.247195281726064 ; -34.88364735356908 ;  ;  ; iconPunto
-56.19323164461185 ; -34.88857782521359 ;  ;  ; iconPunto
-56.126617833128336 ; -34.82402137159586 ;  ;  ; iconPunto
-56.287727339193175 ; -34.86528043016208 ;  ;  ; iconPunto
-56.09566341829796 ; -34.8131100291173 ;  ;  ; iconPunto
-56.24860860709769 ; -34.82860384965482 ;  ;  ; iconPunto
-56.209216326073786 ; -34.80914987830578 ;  ;  ; iconPunto
-56.14728378558272 ; -34.85160856980997 ;  ;  ; iconPunto
-56.235473179829846 ; -34.85512962813179 ;  ;  ; iconPunto
-56.198277749135144 ; -34.819183142902205 ;  ;  ; iconPunto
-56.14024810359701 ; -34.908778502206594 ;  ;  ; iconPunto
-56.176671095260666 ; -34.85872507048876 ;  ;  ; iconPunto
-56.10897998693833 ; -34.86999606926104 ;  ;  ; iconPunto
-56.17970753117635 ; -34.88571787359956 ;  ;  ; iconPunto
-56.23611779677734 ; -34.84404946537016 ;  ;  ; iconPunto
-56.07675739859868 ; -34.87000318133543 ;  ;  ; iconPunto
-56.17517118351281 ; -34.88543733650413 ;  ;  ; iconPunto
-56.19796107961375 ; -34.88703182415036 ;  ;  ; iconPunto
-56.20613570846806 ; -34.87798040947134 ;  ;  ; iconPunto
-56.18766071208893 ; -34.88601119171099 ;  ;  ; iconPunto
-56.06366941983291 ; -34.86824717241483 ;  ;  ; iconPunto
-56.13959255781956 ; -34.84762976937552 ;  ;  ; iconPunto
-56.20051201985989 ; -34.827221591578684 ;  ;  ; iconPunto
-56.152521323888905 ; -34.875887957891734 ;  ;  ; iconPunto
-56.15375191516502 ; -34.8733564353662 ;  ;  ; iconPunto
-56.19423058280962 ; -34.83100311145009 ;  ;  ; iconPunto
-56.19585666385512 ; -34.90622390713703 ;  ;  ; iconPunto
-56.23431400739999 ; -34.835978776534084 ;  ;  ; iconPunto
-56.11873611097159 ; -34.86897845322573 ;  ;  ; iconPunto
-56.297764078502965 ; -34.84228963980613 ;  ;  ; iconPunto
-56.27628990920822 ; -34.83030259438175 ;  ;  ; iconPunto
-56.23525250507853 ; -34.854278523863364 ;  ;  ; iconPunto
-56.11125078980044 ; -34.82540356512769 ;  ;  ; iconPunto
-56.18664260009183 ; -34.866183498831354 ;  ;  ; iconPunto
-56.179217883610484 ; -34.899258051831374 ;  ;  ; iconPunto
-56.20613570846806 ; -34.87798040947134 ;  ;  ; iconPunto
-56.17670060084711 ; -34.89071078901784 ;  ;  ; iconPunto
-56.23417587491172 ; -34.848066887241885 ;  ;  ; iconPunto
-56.15553381983694 ; -34.8527821277357 ;  ;  ; iconPunto
-56.19274460928164 ; -34.89322136379827 ;  ;  ; iconPunto
-56.208223811378744 ; -34.87673477886271 ;  ;  ; iconPunto
-56.11669039642058 ; -34.88738494141238 ;  ;  ; iconPunto
-56.19258663259297 ; -34.80823403309117 ;  ;  ; iconPunto
-56.12394504251674 ; -34.8612822358921 ;  ;  ; iconPunto
-56.18977652187723 ; -34.83368846132861 ;  ;  ; iconPunto
-56.16451292289527 ; -34.870890357357545 ;  ;  ; iconPunto
-56.1180640201741 ; -34.82720027145658 ;  ;  ; iconPunto
-56.16645384055164 ; -34.89288363823115 ;  ;  ; iconPunto
-56.138055306021364 ; -34.90235692798068 ;  ;  ; iconPunto
-56.17117777230373 ; -34.85163695967462 ;  ;  ; iconPunto
-56.247195281726064 ; -34.88364735356908 ;  ;  ; iconPunto
-56.08916018295431 ; -34.8451589838937 ;  ;  ; iconPunto
-56.19390250380068 ; -34.810821784334756 ;  ;  ; iconPunto
-56.158316164909635 ; -34.88719911144467 ;  ;  ; iconPunto
-56.10084192200201 ; -34.87199202504101 ;  ;  ; iconPunto
-56.20630273289608 ; -34.82086771587747 ;  ;  ; iconPunto
